select 'Desactivation des contraintes de foreign keys' as '-------------------------------';
SET FOREIGN_KEY_CHECKS = 0;
select 'Import de la structure des tables' as '-------------------------------';
--   -------------------------------------------------- 
--   Generated by Enterprise Architect Version 7.1.829
--   Created On : lundi, 12 ao˚t, 2013 
--   DBMS       : MySql 
--   -------------------------------------------------- 

USE Quizz;


--  Drop Tables, Stored Procedures and Views 
DROP TABLE IF EXISTS reponse_candidat;
DROP TABLE IF EXISTS reponse;
DROP TABLE IF EXISTS quizz_sujet;
DROP TABLE IF EXISTS quizz_question;
DROP TABLE IF EXISTS type_sujet;
DROP TABLE IF EXISTS quizz;
DROP TABLE IF EXISTS question;
DROP TABLE IF EXISTS niveau_question;
DROP TABLE IF EXISTS langage;
DROP TABLE IF EXISTS admin;



--  Create Tables 
CREATE TABLE reponse_candidat
(
	Id INTEGER NOT NULL AUTO_INCREMENT,
	ref_question INTEGER NOT NULL,
	ref_reponse INTEGER COMMENT 'rÈfÈrence de la rÈponse du candidat',
	ref_quizz INTEGER,
	PRIMARY KEY (Id),
	KEY (ref_question),
	KEY (ref_quizz),
	KEY (ref_reponse)
)  COMMENT='recense les rÈponses des candidats';


CREATE TABLE reponse
(
	id INTEGER NOT NULL AUTO_INCREMENT,
	ref_question INTEGER NOT NULL,
	lib_reponse TEXT COMMENT 'rÈponse d''une question',
	bol_type_reponse BOOL COMMENT 'indique s''il s''agit d''une bonne  rÈponse ou pas: 0->une bonne  reponse 1-> fausse reponses',
	PRIMARY KEY (id),
	KEY (ref_question)
)  COMMENT='recense les choix de rÈponses possibles aux questions';


CREATE TABLE quizz_sujet
(
	Id INTEGER NOT NULL AUTO_INCREMENT,
	ref_quizz INTEGER,
	ref_type_sujet INTEGER,
	PRIMARY KEY (Id),
	KEY (ref_quizz),
	KEY (ref_type_sujet)
)  COMMENT='table de correspondance entre un quizz et les diffÈrents types de sujets. ';


CREATE TABLE quizz_question
(
	Id INTEGER NOT NULL AUTO_INCREMENT,
	ref_quizz INTEGER,
	ref_question INTEGER,
	PRIMARY KEY (Id),
	UNIQUE UQ_quizz_question_Id(Id),
	KEY (ref_question),
	KEY (ref_quizz)
)  COMMENT='table de correspondance entre le quizz et les diffÈrentes questions posÈes';


CREATE TABLE type_sujet
(
	Id INTEGER NOT NULL AUTO_INCREMENT,
	libelle VARCHAR(50) NOT NULL COMMENT 'libellÈ du type (ex: Hibernate ou J2E)',
	ref_langage INTEGER NOT NULL COMMENT 'clÈ ÈtrangÈre vers la table langage',
	PRIMARY KEY (Id),
	UNIQUE UQ_type_sujet_libelle(libelle),
	KEY (ref_langage)
)  COMMENT='recense les types de technologies des questions posÈes';


CREATE TABLE quizz
(
	Id INTEGER NOT NULL AUTO_INCREMENT,
	int_duree INTEGER,
	lib_nom_candidat VARCHAR(50),
	lib_commentaire TEXT,
	dat_quizz DATETIME COMMENT 'date du passage du quizz par le candidat',
	ref_admin INTEGER NOT NULL,
	PRIMARY KEY (Id),
	UNIQUE UQ_quizz_Id(Id),
	KEY (ref_admin)
)  COMMENT='recense des quizz';


CREATE TABLE question
(
	Id INTEGER NOT NULL AUTO_INCREMENT,
	ref_type_sujet INTEGER NOT NULL COMMENT 'clÈ etrangËre vers la table des types de sujet',
	lib_question TEXT COMMENT 'libellÈ de la question posÈe',
	ref_niveau_question INTEGER NOT NULL COMMENT 'difficultÈ de la question',
	dat_creation DATE COMMENT 'date de crÈation de la question',
	int_duree_reflexion INTEGER COMMENT 'durÈe estimÈe pour rÈpondre ‡ une question',
	bol_unique_reponse BOOL COMMENT 'indique si une question a une ou plusieurs rÈponse(s) possible(s) 0->une reponse 1->plusieurs reponses',
	url_image VARCHAR(50) COMMENT 'url d''une Èventuelle image utilisÈe pour la question',
	PRIMARY KEY (Id),
	KEY (ref_niveau_question),
	KEY (ref_type_sujet)
)  COMMENT='recence des questions pour chaque type de sujet';


CREATE TABLE niveau_question
(
	Id INTEGER NOT NULL AUTO_INCREMENT,
	lib_niveau VARCHAR(50) COMMENT 'niveau du quizz',
	PRIMARY KEY (Id)
) ;


CREATE TABLE langage
(
	id INTEGER NOT NULL AUTO_INCREMENT COMMENT 'id unique de la table langage',
	libelle VARCHAR(50) NOT NULL COMMENT 'libelle du langage (exemple jee,java,...)',
	PRIMARY KEY (id)
)  COMMENT='Table qui recense les diffÈrents langage telle que java,UMl,C';


CREATE TABLE admin
(
	Id INTEGER NOT NULL AUTO_INCREMENT,
	lib_nom VARCHAR(50),
	lib_prenom VARCHAR(50),
	lib_password VARCHAR(50),
	PRIMARY KEY (Id)
)  COMMENT='recense tous les administrateurs';





--  Create Foreign Key Constraints 
ALTER TABLE reponse_candidat ADD CONSTRAINT FK_reponse_candidat_question 
	FOREIGN KEY (ref_question) REFERENCES question (Id);

ALTER TABLE reponse_candidat ADD CONSTRAINT FK_reponse_candidat_quizz 
	FOREIGN KEY (ref_quizz) REFERENCES quizz (Id);

ALTER TABLE reponse_candidat ADD CONSTRAINT FK_reponse_candidat_reponse 
	FOREIGN KEY (ref_reponse) REFERENCES reponse (id);

ALTER TABLE reponse ADD CONSTRAINT FK_reponse_question 
	FOREIGN KEY (ref_question) REFERENCES question (Id);

ALTER TABLE quizz_sujet ADD CONSTRAINT FK_quizz_sujet_quizz 
	FOREIGN KEY (ref_quizz) REFERENCES quizz (Id);

ALTER TABLE quizz_sujet ADD CONSTRAINT FK_quizz_sujet_type_sujet 
	FOREIGN KEY (ref_type_sujet) REFERENCES type_sujet (Id);

ALTER TABLE quizz_question ADD CONSTRAINT FK_quizz_question_question 
	FOREIGN KEY (ref_question) REFERENCES question (Id);

ALTER TABLE quizz_question ADD CONSTRAINT FK_quizz_question_quizz 
	FOREIGN KEY (ref_quizz) REFERENCES quizz (Id);

ALTER TABLE type_sujet ADD CONSTRAINT FK_type_sujet_langage 
	FOREIGN KEY (ref_langage) REFERENCES langage (id);

ALTER TABLE quizz ADD CONSTRAINT FK_quizz_admin 
	FOREIGN KEY (ref_admin) REFERENCES admin (Id);

ALTER TABLE question ADD CONSTRAINT FK_question_niveau_question 
	FOREIGN KEY (ref_niveau_question) REFERENCES niveau_question (Id);

ALTER TABLE question ADD CONSTRAINT FK_question_type_sujet 
	FOREIGN KEY (ref_type_sujet) REFERENCES type_sujet (Id);
select 'Import des structures des tables termine' as '-------------------------------';
select 'Activation des contraintes de foreign keys' as '-------------------------------';
SET FOREIGN_KEY_CHECKS = 1;
select 'import des donnees en table' as '-------------------------------';
select 'traitement du fichier 00 - niveau_question.sql' as '-------------------------------';
# --------------------------------------------------------
# Host:                         127.0.0.1
# Server version:               5.5.24
# Server OS:                    Win32
# HeidiSQL version:             6.0.0.3603
# Date/time:                    2012-06-05 15:14:56
# --------------------------------------------------------

/*!40101 SET @OLD_CHARACTER_SET_CLIENT=@@CHARACTER_SET_CLIENT */;
/*!40101 SET NAMES utf8 */;
/*!40014 SET @OLD_FOREIGN_KEY_CHECKS=@@FOREIGN_KEY_CHECKS, FOREIGN_KEY_CHECKS=0 */;
/*!40101 SET @OLD_SQL_MODE=@@SQL_MODE, SQL_MODE='NO_AUTO_VALUE_ON_ZERO' */;
# Dumping data for table quizz.niveau_question: ~0 rows (approximately)
/*!40000 ALTER TABLE `niveau_question` DISABLE KEYS */;
INSERT INTO `niveau_question` (`Id`, `lib_niveau`) VALUES
	(1, 'facile'),
	(2, 'moyen'),
	(3, 'difficile');
/*!40000 ALTER TABLE `niveau_question` ENABLE KEYS */;
/*!40101 SET SQL_MODE=@OLD_SQL_MODE */;
/*!40014 SET FOREIGN_KEY_CHECKS=@OLD_FOREIGN_KEY_CHECKS */;
/*!40101 SET CHARACTER_SET_CLIENT=@OLD_CHARACTER_SET_CLIENT */;
select 'traitement du fichier 01 - langage.sql' as '-------------------------------';
# --------------------------------------------------------
# Host:                         127.0.0.1
# Database:                     quizz
# Server version:               5.5.12
# Server OS:                    Win32
# HeidiSQL version:             5.0.0.3272
# Date/time:                    2013-08-12 18:42:13
# --------------------------------------------------------

/*!40101 SET @OLD_CHARACTER_SET_CLIENT=@@CHARACTER_SET_CLIENT */;
/*!40101 SET NAMES utf8 */;
/*!40014 SET @OLD_FOREIGN_KEY_CHECKS=@@FOREIGN_KEY_CHECKS, FOREIGN_KEY_CHECKS=0 */;
/*!40101 SET @OLD_SQL_MODE=@@SQL_MODE, SQL_MODE='NO_AUTO_VALUE_ON_ZERO' */;
# Dumping data for table quizz.langage: 1 rows
/*!40000 ALTER TABLE `langage` DISABLE KEYS */;
INSERT INTO `langage` (`id`, `libelle`) VALUES (1, 'JAVA'), (3, 'C#'), (4, 'UML'), (5, 'Php');
/*!40000 ALTER TABLE `langage` ENABLE KEYS */;
/*!40101 SET SQL_MODE=@OLD_SQL_MODE */;
/*!40014 SET FOREIGN_KEY_CHECKS=@OLD_FOREIGN_KEY_CHECKS */;
/*!40101 SET CHARACTER_SET_CLIENT=@OLD_CHARACTER_SET_CLIENT */;
select 'traitement du fichier 10 - type_sujet.sql' as '-------------------------------';
# --------------------------------------------------------
# Host:                         127.0.0.1
# Database:                     quizz
# Server version:               5.5.12
# Server OS:                    Win32
# HeidiSQL version:             5.0.0.3272
# Date/time:                    2013-08-12 18:41:22
# --------------------------------------------------------

/*!40101 SET @OLD_CHARACTER_SET_CLIENT=@@CHARACTER_SET_CLIENT */;
/*!40101 SET NAMES utf8 */;
/*!40014 SET @OLD_FOREIGN_KEY_CHECKS=@@FOREIGN_KEY_CHECKS, FOREIGN_KEY_CHECKS=0 */;
/*!40101 SET @OLD_SQL_MODE=@@SQL_MODE, SQL_MODE='NO_AUTO_VALUE_ON_ZERO' */;
# Dumping data for table quizz.type_sujet: 2 rows
/*!40000 ALTER TABLE `type_sujet` DISABLE KEYS */;
INSERT INTO `type_sujet` (`Id`, `libelle`, `ref_langage`) VALUES (1, 'hibernate', 1), (2, 'Java/J2EE', 1), (3, 'C natif', 3), (4, 'Php', 5);
/*!40000 ALTER TABLE `type_sujet` ENABLE KEYS */;
/*!40101 SET SQL_MODE=@OLD_SQL_MODE */;
/*!40014 SET FOREIGN_KEY_CHECKS=@OLD_FOREIGN_KEY_CHECKS */;
/*!40101 SET CHARACTER_SET_CLIENT=@OLD_CHARACTER_SET_CLIENT */;
select 'traitement du fichier 20 - admin.sql' as '-------------------------------';
# --------------------------------------------------------
# Host:                         127.0.0.1
# Server version:               5.5.24
# Server OS:                    Win32
# HeidiSQL version:             6.0.0.3603
# Date/time:                    2012-06-07 14:53:09
# --------------------------------------------------------

/*!40101 SET @OLD_CHARACTER_SET_CLIENT=@@CHARACTER_SET_CLIENT */;
/*!40101 SET NAMES utf8 */;
/*!40014 SET @OLD_FOREIGN_KEY_CHECKS=@@FOREIGN_KEY_CHECKS, FOREIGN_KEY_CHECKS=0 */;
/*!40101 SET @OLD_SQL_MODE=@@SQL_MODE, SQL_MODE='NO_AUTO_VALUE_ON_ZERO' */;
# Dumping data for table quizz.admin: ~0 rows (approximately)
/*!40000 ALTER TABLE `admin` DISABLE KEYS */;
INSERT INTO `admin` (`Id`, `lib_nom`, `lib_prenom`, `lib_password`) VALUES
	(1, 'SECLY', 'Pierre', 'psecly'),
	(2, 'HABUMUREMYI', 'Evode', 'ehabumuremyi');
/*!40000 ALTER TABLE `admin` ENABLE KEYS */;
/*!40101 SET SQL_MODE=@OLD_SQL_MODE */;
/*!40014 SET FOREIGN_KEY_CHECKS=@OLD_FOREIGN_KEY_CHECKS */;
/*!40101 SET CHARACTER_SET_CLIENT=@OLD_CHARACTER_SET_CLIENT */;
select 'traitement du fichier 30 - question.sql' as '-------------------------------';
# --------------------------------------------------------
# Host:                         127.0.0.1
# Database:                     quizz
# Server version:               5.5.12
# Server OS:                    Win32
# HeidiSQL version:             5.0.0.3272
# Date/time:                    2013-08-12 18:43:11
# --------------------------------------------------------

/*!40101 SET @OLD_CHARACTER_SET_CLIENT=@@CHARACTER_SET_CLIENT */;
/*!40101 SET NAMES utf8 */;
/*!40014 SET @OLD_FOREIGN_KEY_CHECKS=@@FOREIGN_KEY_CHECKS, FOREIGN_KEY_CHECKS=0 */;
/*!40101 SET @OLD_SQL_MODE=@@SQL_MODE, SQL_MODE='NO_AUTO_VALUE_ON_ZERO' */;
# Dumping data for table quizz.question: 2 rows
/*!40000 ALTER TABLE `question` DISABLE KEYS */;
INSERT INTO `question` (`Id`, `ref_type_sujet`, `lib_question`, `ref_niveau_question`, `dat_creation`, `int_duree_reflexion`, `bol_unique_reponse`, `url_image`) VALUES (10, 1, 'quel est la diff√©rence entre HQL et Crit√©ria', 1, '2012-07-04', 120, 1, NULL), (11, 2, 'qu\'est ce qu\'un war', 1, '2012-07-04', 120, 0, NULL), (12, 3, 'quelle est la syntaxe correcte d\'une boucle', 1, '2013-08-12', 30, 1, NULL);
/*!40000 ALTER TABLE `question` ENABLE KEYS */;
/*!40101 SET SQL_MODE=@OLD_SQL_MODE */;
/*!40014 SET FOREIGN_KEY_CHECKS=@OLD_FOREIGN_KEY_CHECKS */;
/*!40101 SET CHARACTER_SET_CLIENT=@OLD_CHARACTER_SET_CLIENT */;
select 'traitement du fichier 31 - reponse.sql' as '-------------------------------';
# --------------------------------------------------------
# Host:                         127.0.0.1
# Database:                     quizz
# Server version:               5.5.12
# Server OS:                    Win32
# HeidiSQL version:             5.0.0.3272
# Date/time:                    2013-08-12 18:41:03
# --------------------------------------------------------

/*!40101 SET @OLD_CHARACTER_SET_CLIENT=@@CHARACTER_SET_CLIENT */;
/*!40101 SET NAMES utf8 */;
/*!40014 SET @OLD_FOREIGN_KEY_CHECKS=@@FOREIGN_KEY_CHECKS, FOREIGN_KEY_CHECKS=0 */;
/*!40101 SET @OLD_SQL_MODE=@@SQL_MODE, SQL_MODE='NO_AUTO_VALUE_ON_ZERO' */;
# Dumping data for table quizz.reponse: 8 rows
/*!40000 ALTER TABLE `reponse` DISABLE KEYS */;
INSERT INTO `reponse` (`id`, `ref_question`, `lib_reponse`, `bol_type_reponse`) VALUES (30, 10, 'pas de diff√©rence', 0), (31, 10, 'un utilise les objets, l\'autre le SQL', 1), (32, 10, 'l\'un est transactionnel, l\'autre non', 0), (33, 10, 'aucune r√©ponse pr√©cedement cit√©e', 0), (34, 11, 'un zip', 1), (35, 11, 'une release pour un conteneur', 1), (36, 11, 'une image', 0), (37, 11, 'un √©x√©cutable', 0), (38, 12, 'for(int i;i<50;i++){...}', 1), (39, 12, 'loop until( i<50){...}', 0), (40, 12, 'while(i<50){...}', 0), (41, 12, 'boucle(i<50){...}', 0);
/*!40000 ALTER TABLE `reponse` ENABLE KEYS */;
/*!40101 SET SQL_MODE=@OLD_SQL_MODE */;
/*!40014 SET FOREIGN_KEY_CHECKS=@OLD_FOREIGN_KEY_CHECKS */;
/*!40101 SET CHARACTER_SET_CLIENT=@OLD_CHARACTER_SET_CLIENT */;
select 'fin des traitements' as '-------------------------------';
